{"cameraMode":{"drawMode":0,"name":"Shaded","section":"Shading Mode"},"sceneLighting":true,"audioPlay":false,"sceneViewState":{"showFog":true,"showMaterialUpdate":true,"showSkybox":true,"showFlares":true,"showImageEffects":true,"showParticleSystems":true},"in2DMode":false,"pivot":{"x":-73.6285629272461,"y":-32.07442855834961,"z":-142.05471801757813},"rotation":{"x":-0.024841321632266046,"y":0.9553032517433167,"z":-0.08266127109527588,"w":-0.2834727168083191},"size":180.69619750976563,"orthographic":false}