{"cameraMode":{"drawMode":0,"name":"Shaded","section":"Shading Mode"},"sceneLighting":false,"audioPlay":false,"sceneViewState":{"showFog":true,"showMaterialUpdate":true,"showSkybox":false,"showFlares":true,"showImageEffects":true,"showParticleSystems":true},"in2DMode":false,"pivot":{"x":-0.000007394890417344868,"y":-0.000011534441910043824,"z":0.000009152943675871938},"rotation":{"x":0.004452453460544348,"y":-0.9069375395774841,"z":0.009852582588791848,"w":0.4214649200439453},"size":0.9000571966171265,"orthographic":false}