{"cameraMode":{"drawMode":0,"name":"Shaded","section":"Shading Mode"},"sceneLighting":false,"audioPlay":false,"sceneViewState":{"showFog":true,"showMaterialUpdate":true,"showSkybox":false,"showFlares":true,"showImageEffects":true,"showParticleSystems":true},"in2DMode":false,"pivot":{"x":0.00570000009611249,"y":0.0010999999940395356,"z":0.0008900001412257552},"rotation":{"x":-0.15564902126789094,"y":-0.13765132427215577,"z":0.021859072148799897,"w":-0.978064239025116},"size":0.02372627519071102,"orthographic":false}