{"cameraMode":{"drawMode":0,"name":"Shaded","section":"Shading Mode"},"sceneLighting":true,"audioPlay":false,"sceneViewState":{"showFog":true,"showMaterialUpdate":true,"showSkybox":true,"showFlares":true,"showImageEffects":true,"showParticleSystems":true},"in2DMode":false,"pivot":{"x":22.113950729370118,"y":-1.1994850635528565,"z":-1.8299999237060547},"rotation":{"x":0.05890771374106407,"y":0.9355074763298035,"z":-0.1886511743068695,"w":0.293562650680542},"size":3.5234358310699465,"orthographic":false}