{"cameraMode":{"drawMode":0,"name":"Shaded","section":"Shading Mode"},"sceneLighting":true,"audioPlay":false,"sceneViewState":{"showFog":true,"showMaterialUpdate":true,"showSkybox":true,"showFlares":true,"showImageEffects":true,"showParticleSystems":true},"in2DMode":false,"pivot":{"x":22.082538604736329,"y":-0.6235485076904297,"z":-2.17508602142334},"rotation":{"x":0.07958248257637024,"y":0.8399055600166321,"z":-0.12757562100887299,"w":0.521899938583374},"size":3.5234358310699465,"orthographic":false}