{"cameraMode":{"drawMode":0,"name":"Shaded","section":"Shading Mode"},"sceneLighting":true,"audioPlay":false,"sceneViewState":{"showFog":true,"showMaterialUpdate":true,"showSkybox":true,"showFlares":true,"showImageEffects":true,"showParticleSystems":true},"in2DMode":false,"pivot":{"x":10.092519760131836,"y":3.814621925354004,"z":-3.3777008056640627},"rotation":{"x":0.15177537500858308,"y":0.2578248679637909,"z":-0.04089299216866493,"w":0.9535326957702637},"size":2.1317389011383058,"orthographic":false}