{"cameraMode":{"drawMode":0,"name":"Shaded","section":"Shading Mode"},"sceneLighting":true,"audioPlay":false,"sceneViewState":{"showFog":true,"showMaterialUpdate":true,"showSkybox":true,"showFlares":true,"showImageEffects":true,"showParticleSystems":true},"in2DMode":false,"pivot":{"x":91.98645782470703,"y":-53.81376647949219,"z":-100.24435424804688},"rotation":{"x":0.05890771374106407,"y":0.9355074763298035,"z":-0.1886511743068695,"w":0.293562650680542},"size":154.44894409179688,"orthographic":false}