{"cameraMode":{"drawMode":0,"name":"Shaded","section":"Shading Mode"},"sceneLighting":true,"audioPlay":false,"sceneViewState":{"showFog":true,"showMaterialUpdate":true,"showSkybox":false,"showFlares":true,"showImageEffects":true,"showParticleSystems":true},"in2DMode":false,"pivot":{"x":21.171375274658204,"y":-0.11390113830566406,"z":2.988290786743164},"rotation":{"x":0.10624044388532639,"y":0.8889350891113281,"z":-0.2628633975982666,"w":0.3603115677833557},"size":18.60040855407715,"orthographic":false}